Sully,Reviewer 1,2
Sully,Reviewer 2,3
Sully,Reviewer 3,2
Sully,Reviewer 4,2
Sully,Reviewer 5,2
When the Bough Breaks,Reviewer 1,3
When the Bough Breaks,Reviewer 2,1
When the Bough Breaks,Reviewer 3,4
When the Bough Breaks,Reviewer 4,3
When the Bough Breaks,Reviewer 5,5
The Disappointments Room,Reviewer 1,1
The Disappointments Room,Reviewer 2,3
The Disappointments Room,Reviewer 3,3
The Disappointments Room,Reviewer 4,3
The Disappointments Room,Reviewer 5,5
The Wild Life,Reviewer 1,4
The Wild Life,Reviewer 2,1
The Wild Life,Reviewer 3,3
The Wild Life,Reviewer 4,5
The Wild Life,Reviewer 5,2
Other People,Reviewer 1,4
Other People,Reviewer 2,2
Other People,Reviewer 3,2
Other People,Reviewer 4,3
Other People,Reviewer 5,3
Kicks,Reviewer 1,1
Kicks,Reviewer 2,3
Kicks,Reviewer 3,3
Kicks,Reviewer 4,5
Kicks,Reviewer 5,3